index,MEC_NO,IDCARD_x,term_day,amt_median,amt_repay_median,no_mec,amt_1st,IDCARD_y,term_amt_repay_median,term_amt_1st,rate_amt_repay_median,rate_amt_1st
12.0,10013779221,798634.0,28.812725694444445,1760.0,645.0,10013779221,1344.0,1513644,3.0,1.0,1.259603621720573,-2.9942577522043337
47.0,10015441728,244167.0,14.125717592592592,1120.0,1816.8,10015441728,1312.14,121996,1.0,1.0,16.07579518482111,4.432840537904033
165.0,10019331834,158077.0,14.093298611111114,850.0,1009.24,10019331834,1009.24,123792,1.0,1.0,4.85191801427201,4.85191801427201
447.0,10023714202,109710.0,7.507418981481482,990.0,1542.0,10023714202,1056.0,99906,1.0,1.0,27.108537836660172,3.241238219600673
43.0,10015307974,104621.0,111.99476851851853,2000.0,1427.02,10015307974,1427.02,119683,1.0,1.0,-0.9336940589569536,-0.9336940589569536
7.0,10013513422,103737.0,31.877997685185186,2000.0,1146.41,10013513422,704.32,40775,2.0,3.0,1.6763803839798666,0.6466905545193827
196.0,10021312187,101304.0,8.589560185185185,1100.0,1357.34,10021312187,1317.84,80479,1.0,1.0,9.941148215756979,8.415247250021373
257.0,10022451722,98965.0,6.208408564814816,1200.0,1609.34,10022451722,1307.59,68197,1.0,1.0,20.054669732749318,5.271124044917423
539.0,10024373333,93976.0,6.908240740740742,1890.0,2410.0,10024373333,1400.0,46082,1.0,1.0,14.536737237751858,-13.698079320189251
599.0,10024550082,86443.0,6.994380787037038,1960.0,3080.0,10024550082,1680.0,54641,1.0,1.0,29.819856099053432,-7.454964024763358
63.0,10015691233,86307.0,13.738831018518518,2970.0,3616.0,10015691233,2523.8,98726,1.0,1.0,5.77855366905395,-3.9913167912258065
185.0,10020981510,83212.0,9.595891203703703,1776.0,2633.0,10020981510,1675.5,56837,1.0,1.0,18.35462050397793,-2.1524379937570384
219.0,10021902553,82736.0,1.8046817129629629,688.8,1117.0,10021902553,607.2,189070,1.0,1.0,125.73198480105115,-23.960135356762642
90.0,10015924266,80778.0,6.81337962962963,805.0,2000.0,10015924266,1000.0,67442,0.0,1.0,-53.57106455843282,12.97684172533466
631.0,10024641718,78520.0,6.848483796296296,1750.0,2300.0,10024641718,1210.0,37608,1.0,1.0,16.750318629113778,-16.445767381311708
76.0,10015767991,75586.0,55.058634259259264,2000.0,1050.1,10015767991,1050.1,69833,2.0,2.0,0.3321277442860782,0.3321277442860782
332.0,10023046296,75187.0,5.988171296296296,1480.0,3500.0,10023046296,1500.0,59285,0.0,1.0,-60.95350014882736,0.8236959479571265
619.0,10024616123,72034.0,6.860729166666666,1680.0,1740.0,10024616123,1100.0,22213,1.0,2.0,1.9000479349992734,16.467082103327037
38.0,10015071983,69751.0,61.24958333333333,972.0,525.0,10015071983,1000.0,88868,2.0,1.0,0.47820935037854884,0.1716648950076842
376.0,10023235693,65520.0,6.779641203703704,1050.0,1020.0,10023235693,1000.0,24247,1.0,1.0,-1.5382187810874592,-2.5636979684790986
52.0,10015577479,65051.0,13.062355324074073,846.56,1000.0,10015577479,1000.0,72133,1.0,1.0,5.064682403391191,5.064682403391191
346.0,10023064460,62942.0,6.04150462962963,1184.0,3000.0,10023064460,1500.0,42239,0.0,1.0,-60.4154134402072,16.124383992487733
671.0,10025004983,60825.0,12.567002314814815,1100.0,1317.84,10025004983,1317.84,10095,1.0,1.0,5.75183093919386,5.75183093919386
304.0,10022869094,59465.0,7.121168981481483,1530.0,3600.0,10022869094,1150.0,48118,0.0,1.0,-51.255629651420755,-12.730156384012998
211.0,10021673823,58694.0,14.02875,1261.0,768.0,10021673823,409.0,45840,2.0,3.0,5.6740282767283645,-0.7015162233045978
23.0,10014499846,56995.0,34.38162037037037,6000.0,2100.0,10014499846,1606.8,158,3.0,4.0,0.5308068614394803,0.7558689706898196
177.0,10020666329,56878.0,6.8053587962962965,800.0,2013.6,10020666329,1006.8,57033,0.0,1.0,-53.6342037099712,13.864441659027554
388.0,10023297408,56083.0,6.044710648148147,1480.0,3000.0,10023297408,1500.0,48917,0.0,1.0,-60.383370064507744,0.8159914873582128
632.0,10024645055,51177.0,6.298263888888888,1400.0,1100.0,10024645055,1000.0,8178,1.0,1.0,-12.41838816126263,-16.557850881683507
344.0,10023062093,49397.0,7.000127314814815,1050.0,1800.0,10023062093,1000.0,49963,1.0,1.0,37.24422056760589,-2.4829480378403925
29.0,10014789504,47238.0,13.836747685185184,846.56,957.16,10014789504,1008.4,54400,1.0,1.0,3.4463249616805265,5.042976779370493
581.0,10024500660,44684.0,6.664664351851854,1400.0,1530.0,10024500660,1500.0,9803,1.0,1.0,5.085455974004096,3.911889210772381
446.0,10023711711,43964.0,6.335659722222222,1470.0,1700.0,10023711711,1000.0,43361,1.0,1.0,9.013874804088143,-18.41965720835403
414.0,10023471494,43811.0,6.859826388888888,1600.0,2000.0,10023471494,1000.0,39795,1.0,2.0,13.302085916897395,13.302085916897395
221.0,10022031282,43037.0,8.075486111111111,825.0,1200.0,10022031282,800.0,30303,1.0,1.0,20.544780664140525,-1.3696520442760352
331.0,10023025664,41430.0,7.0168171296296284,1700.0,1637.67,10023025664,798.0,30085,1.0,2.0,-1.907220524609167,-3.1822707293334447
126.0,10017309950,38990.0,7.297858796296296,1120.0,1400.0,10017309950,1992.0,36521,1.0,1.0,12.503667520438993,38.93999313508144
546.0,10024394601,35522.0,6.6906944444444445,1600.0,2064.0,10024394601,1128.0,28140,1.0,1.0,15.820480352064433,-16.093247254686233
383.0,10023267190,35128.0,6.1377141203703705,2100.0,3000.0,10023267190,900.0,31389,1.0,2.0,25.48645446183342,-8.495484820611141
262.0,10022468641,34217.0,2.2814699074074074,2500.0,1654.4,10022468641,530.25,78010,2.0,5.0,51.7582106240393,9.679066959552351
73.0,10015763879,32585.0,30.030428240740736,1300.0,1215.98,10015763879,1013.32,58281,1.0,1.0,-0.7855442679710811,-2.6803121964050174
443.0,10023665891,30903.0,6.266886574074074,840.0,1000.0,10023665891,1000.0,17602,1.0,1.0,11.093835623486068,11.093835623486068
618.0,10024616033,30832.0,6.182974537037038,2030.0,2600.0,10024616033,1520.0,33483,1.0,1.0,16.575789551638277,-14.83096959883425
198.0,10021340126,30187.0,6.43025462962963,850.0,1720.0,10021340126,1000.0,28836,0.0,1.0,-56.762915471206355,10.016985083154063
490.0,10023960175,30119.0,6.859421296296296,1600.0,2000.0,10023960175,1032.0,28184,1.0,2.0,13.302871489941856,15.431330928332551
136.0,10017740966,28409.0,20.048553240740738,1615.0,2010.0,10017740966,1717.0,24542,1.0,1.0,4.452812367479094,1.1498401556528295
70.0,10015706162,28210.0,19.137471064814815,1500.0,1500.0,10015706162,1070.0,162228,1.0,1.0,0.0,-5.467458734697025
384.0,10023267469,28100.0,6.331041666666668,1400.0,2000.0,10023267469,600.0,18969,1.0,2.0,24.70818858327496,-8.236062861091654
674.0,10025005641,27074.0,12.125567129629632,1000.0,1013.72,10025005641,1013.72,3050,1.0,1.0,0.4129951157305556,0.4129951157305556
559.0,10024419511,25982.0,6.0932349537037025,1400.0,1100.0,10024419511,1000.0,11670,1.0,1.0,-12.836249760358259,-17.114999680477677
93.0,10015994345,25691.0,14.091851851851851,800.0,2000.0,10015994345,1000.0,7851,0.0,1.0,-25.90149285113541,6.475373212783852
218.0,10021868071,25596.0,8.892997685185183,750.0,1200.0,10021868071,618.0,28878,1.0,1.0,24.626116834015534,-7.22366093797789
465.0,10023838923,25397.0,7.311145833333334,1200.0,420.0,10023838923,210.0,14231,3.0,6.0,2.4961887529029596,2.4961887529029596
556.0,10024412372,25344.0,7.346782407407407,1560.0,1800.0,10024412372,1707.75,29738,1.0,1.0,7.643325069383971,4.705421995839507
337.0,10023049365,25040.0,6.1094733796296286,840.0,1326.17,10023049365,1204.73,8144,1.0,1.0,34.577847770080176,25.94067593060316
682.0,10025092211,24261.0,6.1874016203703714,1400.0,1500.0,10025092211,1050.0,6480,1.0,1.0,4.213631209196982,-14.747709232189436
397.0,10023333230,23785.0,6.2388715277777775,1050.0,1500.0,10023333230,450.0,18197,1.0,2.0,25.073215682049746,-8.357738560683249
400.0,10023338543,23594.0,6.788912037037037,1750.0,2000.0,10023338543,1002.47,14097,1.0,2.0,7.680591066490596,7.832359545964453
223.0,10022075025,23560.0,13.303611111111113,1840.0,1700.0,10022075025,800.0,18795,1.0,2.0,-2.0875338957585705,-3.57862953558612
89.0,10015923927,23372.0,7.525607638888888,1500.0,1500.0,10015923927,1500.0,310,1.0,1.0,0.0,0.0
378.0,10023247026,23210.0,14.100949074074073,1500.0,1500.0,10023247026,1500.0,14094,1.0,1.0,0.0,0.0
577.0,10024495321,22868.0,6.1043865740740735,1500.0,2060.0,10024495321,1635.0,15281,1.0,1.0,22.32274529359011,5.381376097561901
345.0,10023062296,22791.0,6.055509259259258,1050.0,1200.0,10023062296,1000.0,38885,1.0,1.0,8.6108128830168,-2.8702709610056
502.0,10024043198,21997.0,0.0,300.0,900.0,10024043198,600.0,356525,0.0,0.0,-inf,-inf
672.0,10025004998,21788.0,6.16089699074074,1125.15,504.85,10025004998,909.8,1220,2.0,1.0,-6.079004007327527,-11.339224885041
137.0,10017908304,21068.0,9.888449074074074,1650.0,900.0,10017908304,560.0,21861,2.0,3.0,3.3556140030913015,0.6711228006182602
427.0,10023537376,20869.0,7.090821759259258,950.0,1200.0,10023537376,200.0,14000,1.0,5.0,13.546050773807842,2.7092101547615686
311.0,10022885866,20329.0,6.172430555555557,1360.0,3800.0,10022885866,1500.0,14190,0.0,1.0,-59.13391762204244,6.087315049327898
640.0,10024671761,20300.0,7.1375578703703715,1440.0,1540.0,10024671761,1540.0,4912,1.0,1.0,3.551245773774293,3.551245773774293
439.0,10023634999,20094.0,6.155428240740742,960.0,1400.0,10023634999,500.0,8025,1.0,2.0,27.177908688695045,2.4707189716995495
255.0,10022444505,19994.0,13.159085648148148,800.0,1000.0,10022444505,1000.0,5620,1.0,1.0,6.934372375092902,6.934372375092902
462.0,10023794822,19880.0,6.104780092592592,1275.0,1700.0,10023794822,1500.0,5850,1.0,1.0,19.929737815502044,10.551037667030496
34.0,10014880928,19511.0,14.08066550925926,1000.0,1900.0,10014880928,1240.0,10963,1.0,1.0,23.329863193183783,6.2212968515156755
458.0,10023777006,18879.0,6.138796296296296,1275.0,1785.0,10023777006,1500.0,6784,1.0,1.0,23.783164150288844,10.492572419245079
258.0,10022459736,18661.0,7.185381944444443,750.0,1250.0,10022459736,1000.0,14783,1.0,1.0,33.86505202016053,16.932526010080267
207.0,10021604488,18457.0,7.163854166666668,960.0,2200.0,10021604488,1000.0,17134,0.0,1.0,-50.95022756023439,2.1229261483430992
633.0,10024649352,18252.0,6.200219907407408,1750.0,2000.0,10024649352,2000.0,5928,1.0,1.0,8.40983996076688,8.40983996076688
433.0,10023589281,18116.0,8.325787037037038,2100.0,2000.0,10023589281,900.0,9948,1.0,2.0,-2.0876047277733245,-6.262814183319973
18.0,10014202877,17906.0,2.0212962962962964,1275.0,1014.7,10014202877,1526.88,21018,1.0,1.0,-36.86607205410794,35.67355447171999
27.0,10014745825,17676.0,11.876394675925924,1500.0,2000.0,10014745825,1000.0,66616,1.0,2.0,10.244410865975293,10.244410865975293
707.0,10025188717,17629.0,6.184305555555556,1600.0,1225.0,10025188717,2000.0,4180,1.0,1.0,-13.832899139847731,14.755092415837579
401.0,10023351414,16887.0,6.355711805555557,1125.0,1651.0,10023351414,1272.0,16307,1.0,1.0,26.851088123379828,7.504011319651776
385.0,10023268111,16825.0,6.265358796296296,1050.0,1500.0,10023268111,450.0,10684,1.0,2.0,24.967216805052345,-8.322405601684116
141.0,10018270597,16615.0,7.5135648148148135,500.0,603.5,10018270597,10.0,32588,1.0,50.0,10.05581263517219,0.0
526.0,10024295979,16398.0,7.33925925925926,750.0,1000.0,10024295979,1000.0,4787,1.0,1.0,16.577513120710535,16.577513120710535
472.0,10023866673,15817.0,7.126527777777778,1200.0,2200.0,10023866673,1248.0,5768,1.0,1.0,42.68090662820838,2.0486835181540024
340.0,10023056402,15439.0,6.2146875,911.0,838.0,10023056402,393.41,216271,1.0,2.0,-4.706283145215031,-8.005838917435648
339.0,10023052150,14506.0,8.207488425925927,820.0,2050.0,10023052150,1000.0,11808,0.0,1.0,-44.471582664318234,9.762054731191807
535.0,10024369384,14171.0,6.08931712962963,800.0,960.0,10024369384,500.0,6818,1.0,2.0,11.988207946141259,14.985259932676572
204.0,10021466655,14121.0,6.233547453703704,900.0,3020.0,10021466655,1020.0,12233,0.0,1.0,-58.55413834752037,7.80721844633605
598.0,10024548814,13672.0,6.059646990740742,1125.0,2000.0,10024548814,1500.0,8450,1.0,1.0,46.84908037096495,20.078177301842118
474.0,10023870299,13556.0,8.097349537037038,1000.0,1362.0,10023870299,1340.0,7114,1.0,1.0,16.317685113584545,15.326002592869465
297.0,10022837389,13397.0,6.1671875,900.0,2125.0,10022837389,1000.0,10876,0.0,1.0,-59.18419052444895,6.576021169383217
144.0,10018340553,13115.0,7.1897569444444445,741.0,2000.0,10018340553,1000.0,5944,0.0,1.0,-50.7666674715669,17.744354757268322
419.0,10023486050,13089.0,6.3816145833333335,1100.0,1307.7,10023486050,1111.2,4019,1.0,1.0,10.799561061495169,0.5823547611398475
396.0,10023333070,12990.0,14.05210648148148,860.0,2024.0,10023333070,1024.0,5943,0.0,1.0,-25.974753356801983,4.953325058738983
562.0,10024425210,12826.0,0.03927083333333333,450.0,1161.6,10024425210,1161.6,12032,0.0,0.0,-9294.429708222811,-9294.429708222811
222.0,10022031556,12495.0,14.676429398148148,1760.0,1440.0,10022031556,560.0,12105,1.0,3.0,-4.521783504917758,-1.1304458762294396
45.0,10015391275,12311.0,12.077685185185185,5000.0,10043.06,10015391275,5221.86,8927,0.0,1.0,-30.221022853594402,1.3409672260596888
287.0,10022581269,12301.0,14.33193287037037,2000.0,2536.75,10022581269,2536.75,5810,1.0,1.0,6.834868393956451,6.834868393956451
486.0,10023942605,12017.0,6.5055092592592585,2100.0,3000.0,10023942605,900.0,10623,1.0,2.0,24.04555357536805,-8.015184525122683
471.0,10023850661,12010.0,6.166429398148147,1500.0,2000.0,10023850661,1000.0,4121,1.0,2.0,19.730488879545856,19.730488879545856
61.0,10015676913,11958.0,1.9830902777777777,6000.0,1513.38,10015676913,1503.38,7031,4.0,4.0,1.6417810305884957,0.4147399015985987
454.0,10023754525,11697.0,6.138813657407408,1275.0,3200.0,10023754525,1500.0,4405,0.0,1.0,-59.45774222346238,10.492542745316891
175.0,10020310661,11595.0,29.94204861111111,2000.0,545.02,10020310661,363.35,10880,4.0,6.0,1.0976069281981045,1.0977288303447306
647.0,10024690201,11392.0,6.115063657407408,1400.0,1500.0,10024690201,1500.0,2625,1.0,1.0,4.263476233783317,4.263476233783317
489.0,10023955579,11263.0,6.0906770833333335,1200.0,1127.3,10023955579,1106.3,2849,1.0,1.0,-3.630617148818637,-4.679351125781379
532.0,10024319845,11089.0,6.098541666666668,2250.0,3500.0,10024319845,1980.0,12124,1.0,1.0,33.25020781379883,-7.182044887780547
478.0,10023881264,11074.0,6.121597222222222,1275.0,1900.0,10023881264,1500.0,2608,1.0,1.0,29.22792240854096,10.522052067074746
310.0,10022885424,10565.0,6.1863078703703716,1500.0,3500.0,10022885424,1575.0,9574,0.0,1.0,-59.00126661141221,2.950063330570611
308.0,10022876477,10399.0,7.105873842592592,910.0,1575.0,10022876477,1200.0,9153,1.0,1.0,37.536659830911375,16.369370452577893
634.0,10024650494,10328.0,5.9612731481481465,1600.0,2000.0,10024650494,2000.0,7164,1.0,1.0,15.307132844323124,15.307132844323124
55.0,10015646943,10205.0,13.120810185185185,1190.0,40.0,10015646943,40.0,430033,30.0,30.0,0.23376810177617946,0.23376810177617946
468.0,10023843102,10110.0,7.133472222222222,1300.0,1625.0,10023843102,1500.0,2944,1.0,1.0,12.791807013103327,7.871881238832817
208.0,10021644500,9484.0,6.532060185185184,805.0,1645.0,10021644500,1000.0,6436,0.0,1.0,-55.87823590906676,13.53572174194785
13.0,10013798254,9173.0,1.020729166666667,1772.0,834.0,10013798254,1241.53,115150,2.0,1.0,-20.98707727351365,-107.04822001231524
53.0,10015587907,9090.0,7.099814814814816,505.1,800.0,10015587907,990.5,5763,1.0,1.0,30.01533862931647,49.404697764225894
199.0,10021342520,9057.0,7.088773148148147,1600.0,1800.0,10021342520,1200.0,41988,1.0,1.0,6.436233611442194,-12.872467222884389
131.0,10017439019,9043.0,27.02354166666667,1500.0,1689.0,10017439019,1500.0,11517,1.0,1.0,1.7018494676709348,0.0
441.0,10023662983,8925.0,6.188159722222222,1500.0,1500.0,10023662983,750.0,2426,1.0,2.0,0.0,0.0
569.0,10024441559,8903.0,7.064207175925926,1500.0,3100.0,10024441559,1500.0,3458,0.0,1.0,-51.66892630837351,0.0
588.0,10024519444,8741.0,6.111481481481483,800.0,1030.0,10024519444,1000.0,1535,1.0,1.0,17.17055026968062,14.93091327798315
315.0,10022907653,8660.0,7.222743055555557,1125.0,1500.0,10022907653,375.0,5426,1.0,3.0,16.84493906689421,0.0
411.0,10023469651,8637.0,13.925740740740741,1920.0,1560.0,10023469651,600.0,10110,1.0,3.0,-4.914460298674184,-1.6381534328913947
435.0,10023602857,8523.0,6.121799768518517,800.0,2125.0,10023602857,1000.0,6658,0.0,1.0,-59.62298895776045,14.905747239440112
536.0,10024369482,8497.0,7.140532407407408,800.0,800.0,10024369482,800.0,1181,1.0,1.0,0.0,0.0
402.0,10023353385,8228.0,7.147303240740741,741.0,1000.0,10023353385,1000.0,3436,1.0,1.0,17.849753052807888,17.849753052807888
359.0,10023115681,8217.0,6.687621527777778,1050.0,1807.955,10023115681,1065.2,3026,1.0,1.0,39.39810202232639,0.7900880009226973
557.0,10024412536,8102.0,10.78386574074074,1680.0,1800.0,10024412536,1800.0,729,1.0,1.0,2.4176328969798293,2.4176328969798293
533.0,10024323741,7866.0,6.076180555555557,1275.0,1500.0,10024323741,1500.0,488,1.0,1.0,10.600699587011048,10.600699587011048
635.0,10024651809,7811.0,6.06916087962963,1125.0,1510.5,10024651809,1510.5,1037,1.0,1.0,20.608010862444946,20.608010862444946
412.0,10023469980,7488.0,14.085248842592593,1840.0,1680.0,10023469980,560.0,7576,1.0,3.0,-2.25335958132356,-2.25335958132356
333.0,10023046767,7437.0,6.145868055555557,1360.0,3290.0,10023046767,1500.0,3347,0.0,1.0,-59.38949497460465,6.1136244826798904
684.0,10025097532,7410.0,14.149050925925927,800.0,1000.0,10025097532,1000.0,3035,1.0,1.0,6.449195813748795,6.449195813748795
112.0,10016377761,7313.0,14.766047453703706,1800.0,1674.0,10016377761,1623.52,7209,1.0,1.0,-1.730320864815547,-2.423547827163871
349.0,10023068417,7185.0,6.108194444444446,800.0,2450.0,10023068417,1000.0,3728,0.0,1.0,-59.755792537347354,14.938948134336838
528.0,10024303761,6977.0,6.171724537037037,1050.0,1085.0,10024303761,800.0,1726,1.0,1.0,1.971356076191262,-14.081114829937585
181.0,10020829549,6973.0,0.14884259259259258,2030.0,1725.0,10020829549,1725.0,95439,1.0,1.0,-368.44226187284056,-368.44226187284056
260.0,10022464695,6935.0,6.835844907407408,750.0,1250.0,10022464695,375.0,5146,1.0,2.0,35.59667263217956,0.0
434.0,10023591022,6780.0,7.024421296296296,1050.0,1500.0,10023591022,1500.0,3281,1.0,1.0,22.269246793476086,22.269246793476086
301.0,10022849248,6744.0,7.167181712962963,833.0,1195.1,10022849248,1000.0,3243,1.0,1.0,22.137469323423907,10.209769061065433
513.0,10024163903,6598.0,6.8450231481481465,2100.0,2000.0,10024163903,600.0,5081,1.0,4.0,-2.539210168435241,7.617630505305724
100.0,10016140449,6550.0,21.48726851851852,1100.0,150.4,10016140449,150.4,177,7.0,7.0,-0.7288882795093414,-0.7288882795093414
390.0,10023298699,6175.0,6.31431712962963,900.0,1200.0,10023298699,500.0,7001,1.0,2.0,19.268380755814697,6.422793585271566
248.0,10022383972,6142.0,6.163333333333332,1150.0,1000.0,10022383972,1030.0,1831,1.0,1.0,-7.7245044324781915,-6.179603545982554
675.0,10025008882,6136.0,6.075925925925926,1275.0,1500.0,10025008882,1500.0,378,1.0,1.0,10.601143840651165,10.601143840651165
560.0,10024424716,6134.0,6.07644675925926,1190.0,3200.0,10024424716,1500.0,1762,0.0,1.0,-60.06799935238712,15.647966217848746
220.0,10021981163,6056.0,7.193831018518519,960.0,1000.0,10021981163,1000.0,1296,1.0,1.0,2.1140798684572526,2.1140798684572526
135.0,10017737464,6032.0,6.0196296296296286,7376.0,1086.66,10017737464,543.33,5780,7.0,14.0,1.895828959592716,1.895828959592716
391.0,10023300185,5862.0,6.187962962962962,800.0,1000.0,10023300185,600.0,6297,1.0,1.0,14.74637139009427,-14.74637139009427
229.0,10022162198,5854.0,6.852118055555557,740.0,1100.0,10022162198,312.0,3911,1.0,2.0,25.914259813956274,-8.350150384497022
652.0,10024699062,5807.0,13.99375,1000.0,1009.24,10024699062,1009.24,558,1.0,1.0,0.24100759267530167,0.24100759267530167
236.0,10022206073,5654.0,6.280769675925926,805.0,1860.0,10022206073,1000.0,3910,0.0,1.0,-58.11389667719201,14.077279319319805
413.0,10023471229,5428.0,16.068819444444443,1840.0,1268.0,10023471229,520.0,7567,1.0,4.0,-7.061339614689459,2.9627998383312417
685.0,10025097874,5118.0,6.186319444444443,720.0,1000.0,10025097874,560.0,2900,1.0,1.0,22.944894087536348,-13.11136805002077
657.0,10024746853,4927.0,7.072783564814816,1260.0,1500.0,10024746853,1500.0,278,1.0,1.0,9.829766298755649,9.829766298755649
541.0,10024378857,4878.0,0.1263425925925926,168.0,168.0,10024378857,168.0,10772,1.0,1.0,0.0,0.0
678.0,10025073228,4850.0,6.138368055555556,720.0,1000.0,10025073228,1000.0,944,1.0,1.0,23.12413383488418,23.12413383488418
286.0,10022578901,4846.0,8.027627314814815,1125.0,1500.0,10022578901,375.0,3499,1.0,3.0,15.155993408180949,0.0
392.0,10023301299,4801.0,6.137013888888888,880.0,1000.0,10023301299,700.0,5397,1.0,1.0,8.110251691435991,-12.165377537153987
442.0,10023663491,4756.0,7.139490740740741,900.0,1200.0,10023663491,1200.0,5884,1.0,1.0,17.041364865478265,17.041364865478265
459.0,10023783600,4742.0,6.063321759259258,750.0,1000.0,10023783600,1000.0,129,1.0,1.0,20.066008616625087,20.066008616625087
285.0,10022575636,4742.0,6.057245370370372,900.0,2000.0,10022575636,800.0,3355,0.0,1.0,-60.25841412755614,-6.695379347506237
579.0,10024499021,4721.0,6.034282407407408,1065.3,2007.9,10024499021,1505.92,717,1.0,1.0,53.52081786181704,25.018398860888848
316.0,10022934754,4696.0,7.89712962962963,1258.0,1890.0,10022934754,450.0,3828,1.0,3.0,23.219883407356722,3.380109609931675
319.0,10022941802,4694.0,6.6607870370370375,1125.0,2756.0,10022941802,1400.0,3139,0.0,1.0,-54.798329081898615,13.39514710890855
242.0,10022339124,4686.0,6.118298611111111,805.0,1265.0,10022339124,1000.0,2684,1.0,1.0,34.08977590480028,14.451100655295772
544.0,10024380125,4685.0,6.029658564814816,1000.0,1655.0,10024380125,1280.0,1225,1.0,1.0,39.64984043957098,16.94955011157233
2.0,10012996445,4601.0,27.016909722222227,88.0,1496.14,10012996445,1438.45,848287,0.0,0.0,-13.510057358624419,-13.510057358624419
463.0,10023797211,4582.0,7.135787037037038,741.0,1030.0,10023797211,1000.0,876,1.0,1.0,19.94943585579424,17.878560161421134
374.0,10023226866,4559.0,6.133912037037038,960.0,1200.0,10023226866,700.0,4498,1.0,1.0,14.876313753608693,-16.116006566409418
426.0,10023536617,4524.0,6.309907407407408,2100.0,2401.0,10023536617,1504.44,3841,1.0,1.0,8.291194036421265,-16.404995084156305
282.0,10022542537,4501.0,6.251255787037038,840.0,1870.0,10022542537,850.0,2577,0.0,1.0,-58.38826828313199,0.6950984319420475
203.0,10021437873,4435.0,19.80298611111111,820.0,1000.0,10021437873,1000.0,2437,1.0,1.0,4.045953007791949,4.045953007791949
326.0,10022992771,4283.0,9.279606481481483,1278.0,1500.01,10022992771,542.0,2807,1.0,2.0,6.832898789417295,-5.9708227789151636
117.0,10017051785,4281.0,31.35473958333333,800.0,1030.0,10017051785,1030.0,4190,1.0,1.0,3.3467826999838874,3.3467826999838874
329.0,10023025569,4265.0,12.825636574074075,1700.0,1482.0,10023025569,1020.0,2527,1.0,2.0,-3.649400330550084,5.691725286179031
514.0,10024164555,4248.0,13.771064814814816,425.0,100.0,10024164555,100.0,275,4.0,4.0,-1.559108792531149,-1.559108792531149
565.0,10024427843,4227.0,6.957291666666666,1050.0,1950.0,10024427843,1500.0,2345,1.0,1.0,44.96823733236369,22.484118666181846
246.0,10022381049,4185.0,7.259484953703704,1125.0,1500.0,10022381049,375.0,3062,1.0,3.0,16.759683013681812,0.0
184.0,10020962372,4168.0,7.069201388888889,1000.0,1668.5,10020962372,2518.75,3368,1.0,0.0,34.516275117513864,-51.63242351161386
697.0,10025119437,4120.0,6.048900462962963,1120.0,1500.0,10025119437,1500.0,994,1.0,1.0,20.473024225236617,20.473024225236617
504.0,10024070832,4074.0,6.0984895833333335,750.0,1250.0,10024070832,1000.0,1095,1.0,1.0,39.90059013929337,19.950295069646685
259.0,10022463864,4052.0,5.9402141203703716,1125.0,1431.9,10022463864,1356.9,441,1.0,1.0,16.76235872685878,12.665985626453407
50.0,10015525578,4021.0,7.065138888888888,380.0,1030.0,10015525578,1400.0,2284,0.0,0.0,-51.662112485010525,-51.662112485010525
294.0,10022646308,4017.0,6.063032407407408,400.0,640.0,10022646308,500.0,2393,1.0,1.0,36.12053924244911,15.050224684353797
244.0,10022368048,3986.0,6.737384259259258,1050.0,1581.0,10022368048,1010.0,3720,1.0,1.0,27.3972371446732,-2.0638220071316913
606.0,10024584298,3965.0,6.242424768518518,1400.0,600.0,10024584298,600.0,872,2.0,2.0,-8.352981265520631,-8.352981265520631
305.0,10022869339,3907.0,7.215335648148147,900.0,2456.0,10022869339,1000.0,4020,0.0,1.0,-50.586697251385544,5.620744139042838
530.0,10024318429,3804.0,6.17525462962963,900.0,1000.0,10024318429,375.0,1878,1.0,2.0,6.567430492819684,-9.851145739229526
407.0,10023362981,3763.0,6.7916030092592585,500.0,580.0,10023362981,600.0,2363,1.0,1.0,8.598853602070232,10.74856700258779
360.0,10023124606,3749.0,6.53957175925926,847.0,984.0,10023124606,800.0,268,1.0,1.0,9.027774688430668,-3.0971197836221998
343.0,10023061119,3589.0,6.1140625,800.0,1000.0,10023061119,1000.0,2936,1.0,1.0,14.924610273447483,14.924610273447483
11.0,10013707856,3526.0,0.29961805555555554,14500.0,527.87,10013707856,518.5999999999999,9246,27.0,28.0,-20.794555008971372,1.7475121982406818
49.0,10015478566,3478.0,9.779305555555556,1312.5,1800.0,10015478566,200.0,253,1.0,7.0,13.863093631879758,2.4882475749527773
470.0,10023850333,3406.0,11.006319444444443,1800.0,1750.0,10023850333,1500.0,1510,1.0,1.0,-0.9211879538901263,-5.527127723340758
169.0,10019510547,3372.0,14.492916666666664,900.0,1113.65,10019510547,1004.55,1795,1.0,1.0,5.978571907732708,2.9256245867233983
558.0,10024412859,3362.0,6.6041840277777775,1600.0,2432.0,10024412859,1200.0,2422,1.0,1.0,28.73935662629699,-13.816998378027398
510.0,10024156227,3335.0,6.3307986111111125,900.0,1200.0,10024156227,1000.0,1941,1.0,1.0,19.218217817437896,6.406072605812632
404.0,10023357233,3329.0,6.169143518518518,800.0,1000.0,10023357233,300.0,2763,1.0,3.0,14.791356324599356,7.395678162299678
265.0,10022476574,3322.0,7.427436342592593,750.0,1250.0,10022476574,375.0,2171,1.0,2.0,32.76141620197264,0.0
547.0,10024394724,3309.0,4.729988425925926,600.0,950.0,10024394724,900.0,729,1.0,1.0,45.01420458021244,38.58360392589638
649.0,10024691603,3249.0,5.96521412037037,1029.56,1405.52,10024691603,1405.52,105,1.0,1.0,22.343788250831373,22.343788250831373
656.0,10024745124,3242.0,6.111365740740742,2100.0,2000.0,10024745124,1750.0,570,1.0,1.0,-2.844037342599902,-9.954130699099657
617.0,10024605227,3225.0,6.069490740740742,1190.0,1567.5,10024605227,1500.0,733,1.0,1.0,19.077023109836603,15.665899772316152
636.0,10024656677,3131.0,6.055486111111112,1125.0,1005.83,10024656677,1005.83,262,1.0,1.0,-6.384961295427697,-6.384961295427697
609.0,10024590948,3122.0,6.079513888888887,720.0,1000.0,10024590948,560.0,4357,1.0,1.0,23.347992461020056,-13.341709977725744
449.0,10023716948,3086.0,19.982476851851853,640.4,840.0,10023716948,800.0,1177,1.0,1.0,5.6931517447928695,4.552239571487686
320.0,10022942574,3061.0,6.875752314814815,700.0,1000.0,10022942574,1000.0,1604,1.0,1.0,22.75075719227453,22.75075719227453
519.0,10024241530,3054.0,6.286180555555554,900.0,1500.0,10024241530,425.0,696,1.0,2.0,38.70924978734217,-3.2257708156118476
670.0,10024994522,2982.0,6.029247685185185,1080.0,1000.0,10024994522,1000.0,339,1.0,1.0,-4.484313541052777,-4.484313541052777
645.0,10024688073,2936.0,6.034953703703704,1190.0,1500.0,10024688073,1500.0,701,1.0,1.0,15.755553113040698,15.755553113040698
283.0,10022557260,2903.0,8.867482638888891,516.0,1000.0,10022557260,600.0,2211,1.0,1.0,38.60896660612691,6.700729741559216
603.0,10024563164,2888.0,6.16074074074074,1800.0,2000.0,10024563164,2000.0,2629,1.0,1.0,6.582902488878202,6.582902488878202
481.0,10023923135,2883.0,6.106655092592592,840.0,1200.0,10023923135,800.0,2818,1.0,1.0,25.616080989790987,-2.8462312210878875
600.0,10024551420,2878.0,6.049768518518517,1050.0,1500.0,10024551420,1000.0,2678,1.0,1.0,25.85695154281342,-2.8729946158681576
534.0,10024331130,2806.0,6.188182870370372,1140.0,1566.82,10024331130,1505.92,503,1.0,1.0,22.083587955372632,18.93263320516835
666.0,10024818646,2744.0,5.4364583333333325,1074.0,1200.0,10024818646,1500.0,381,1.0,1.0,7.8766775030213,26.63067155783392
59.0,10015656761,2714.0,13.98855324074074,750.0,1020.0,10015656761,1000.0,349,1.0,1.0,9.393394566159003,8.697587561258336
646.0,10024689124,2674.0,7.049322916666666,900.0,1200.0,10024689124,1200.0,278,1.0,1.0,17.25934080548516,17.25934080548516
613.0,10024602164,2639.0,6.1729976851851855,730.0,1000.0,10024602164,1000.0,471,1.0,1.0,21.86943959561036,21.86943959561036
179.0,10020736591,2599.0,0.0,1.0,449.0,10020736591,499.0,113047,0.0,0.0,-inf,-inf
517.0,10024186679,2547.0,11.733136574074075,1200.0,1000.0,10024186679,800.0,1283,1.0,2.0,-5.184746035237727,10.369492070475454
338.0,10023050218,2429.0,8.038981481481484,1000.0,1000.0,10023050218,175.0,2825,1.0,6.0,0.0,2.2701880881353587
358.0,10023098636,2397.0,6.1315625,1050.0,2009.2,10023098636,1004.6,211,1.0,1.0,54.38029710635592,-2.5738797838079206
379.0,10023249503,2346.0,14.101770833333333,880.0,1137.0,10023249503,1104.0,1497,1.0,1.0,7.559092554328082,6.58846977497856
511.0,10024157765,2265.0,6.034201388888889,750.0,1000.0,10024157765,1000.0,368,1.0,1.0,20.162844894553615,20.162844894553615
693.0,10025117118,2265.0,5.994704861111113,1110.0,1521.0,10025117118,1521.0,598,1.0,1.0,22.544670968772095,22.544670968772095
452.0,10023728873,2107.0,6.071030092592593,700.0,1600.0,10023728873,800.0,1159,0.0,1.0,-60.12159294768529,8.58879899252647
580.0,10024500280,2025.0,6.034930555555556,720.0,2000.0,10024500280,1000.0,1019,0.0,1.0,-60.481226194722844,23.52047685350333
570.0,10024442411,1981.0,6.031655092592592,960.0,1000.0,10024442411,240.0,1754,1.0,4.0,2.521419593771288,0.0
550.0,10024403042,1976.0,6.999027777777778,800.0,1000.0,10024403042,1000.0,958,1.0,1.0,13.037525053082769,13.037525053082769
574.0,10024485532,1906.0,6.035729166666667,500.0,700.0,10024485532,700.0,723,1.0,1.0,24.189289474138377,24.189289474138377
284.0,10022564340,1884.0,7.016435185185184,1050.0,1510.0,10022564340,1010.0,2344,1.0,1.0,22.790029079494953,-1.981741659086518
232.0,10022168653,1874.0,6.86380787037037,750.0,1000.0,10022168653,250.0,1420,1.0,3.0,17.72582638740171,0.0
347.0,10023066912,1845.0,1.0659432870370371,729.47,742.0,10023066912,699.785,16394,1.0,1.0,5.881693653562746,-13.93440352003279
241.0,10022318976,1822.0,6.052939814814816,1087.5,1500.0,10022318976,1500.0,308,1.0,1.0,22.872898144999095,22.872898144999095
335.0,10023047437,1809.0,10.924247685185184,1760.0,1320.0,10023047437,660.0,667,1.0,3.0,-8.35297794682446,4.17648897341223
601.0,10024552093,1772.0,6.074768518518519,1110.0,1890.0,10024552093,1500.0,540,1.0,1.0,42.22160658543694,21.11080329271847
612.0,10024597657,1756.0,5.061805555555555,700.0,1000.0,10024597657,700.0,321,1.0,1.0,30.903710091527355,0.0
289.0,10022590579,1753.0,6.664282407407407,1110.0,1020.0,10022590579,390.0,1155,1.0,3.0,-4.4407773838785625,2.9605182559190415
621.0,10024616734,1729.0,13.25480324074074,1400.0,299.0,10024616734,299.0,481,5.0,5.0,1.8685948552392844,1.8685948552392844
593.0,10024534367,1671.0,6.219126157407408,1040.0,1150.75,10024534367,1000.0,1864,1.0,1.0,6.249911868779143,-2.2573045124258755
235.0,10022203189,1645.0,7.740028935185184,1125.0,1500.0,10022203189,375.0,1148,1.0,3.0,15.71914881526935,0.0
576.0,10024490521,1637.0,6.0242708333333335,750.0,1000.0,10024490521,500.0,584,1.0,2.0,20.196081821797243,20.196081821797243
689.0,10025104425,1600.0,6.040358796296296,1125.0,1558.8,10025104425,1558.8,111,1.0,1.0,23.300602620873864,23.300602620873864
380.0,10023253123,1583.0,6.8855208333333335,790.0,1205.52,10023253123,803.16,326,1.0,1.0,27.88180649520038,0.8830491275434061
479.0,10023885904,1520.0,6.654299768518517,1125.0,1950.0,10023885904,1000.0,549,1.0,1.0,40.22461806319536,-6.094639100484145
341.0,10023057184,1510.0,6.333055555555554,1110.0,1500.0,10023057184,390.0,393,1.0,3.0,20.249821293726736,3.1153571221118055
430.0,10023582987,1453.0,6.127158564814816,1020.0,1500.0,10023582987,1500.0,441,1.0,1.0,28.033337813176747,28.033337813176747
173.0,10020249958,1376.0,8.528738425925926,150.0,280.0,10020249958,200.0,1229,1.0,1.0,37.090284346361635,14.26549397936986
495.0,10024030489,1372.0,6.048298611111112,700.0,1000.0,10024030489,1000.0,868,1.0,1.0,25.86323551241371,25.86323551241371
239.0,10022294297,1323.0,13.845289351851852,1625.4,1871.1,10022294297,1549.8,1141,1.0,1.0,3.9850679319512645,-1.2261747482927
587.0,10024516173,1315.0,6.77287037037037,1050.0,1500.0,10024516173,1500.0,668,1.0,1.0,23.096348058410754,23.096348058410754
564.0,10024427819,1289.0,5.063877314814816,700.0,1500.0,10024427819,1000.0,601,0.0,1.0,-72.07915541953605,30.89106660837259
227.0,10022144438,1288.0,10.987395833333334,765.0,700.0,10022144438,175.0,295,1.0,4.0,-2.822604406527161,-2.822604406527161
361.0,10023126434,1271.0,0.08669560185185185,0.01,198.0,10023126434,168.0,1123,0.0,0.0,-4210.132834924238,-4210.132834924238
586.0,10024516138,1261.0,7.078408564814816,800.0,1050.0,10024516138,1000.0,991,1.0,1.0,16.11414471989921,12.891315775919367
290.0,10022593987,1205.0,6.0606481481481485,640.0,1040.0,10022593987,600.0,689,1.0,1.0,37.64036360858605,-3.764036360858605
480.0,10023890820,1160.0,6.0511168981481465,574.0,1400.0,10023890820,700.0,852,0.0,1.0,-60.3194428637964,13.240853311565063
118.0,10017070168,1145.0,9.962349537037037,1280.0,800.0,10017070168,580.0,852,2.0,2.0,9.159485888420175,-3.4348072081575656
584.0,10024514323,1136.0,6.167175925925926,750.0,1175.0,10024514323,800.0,1120,1.0,1.0,33.53777090480516,3.9456201064476657
323.0,10022962812,1130.0,12.036244212962966,800.0,1000.0,10022962812,300.0,693,1.0,3.0,7.581268573939724,3.790634286969862
549.0,10024396132,1116.0,6.086967592592592,410.0,600.0,10024396132,500.0,375,1.0,1.0,27.788276985284714,13.16286804566118
432.0,10023588060,1059.0,7.579184027777778,500.0,660.0,10023588060,80.0,1789,1.0,6.0,15.410629900517911,-1.9263287375647389
355.0,10023081684,1042.0,6.060578703703704,1480.0,1008.0,10023081684,1000.0,135,1.0,1.0,-19.20697859005914,-19.532520600060142
237.0,10022219352,1031.0,6.013761574074074,1050.0,2297.875,10022219352,1505.25,142,0.0,1.0,-60.69412554923218,26.315238720274237
487.0,10023946510,1026.0,6.987395833333332,1059.0,1506.9,10023946510,1506.9,640,1.0,1.0,22.09340329213954,22.09340329213954
567.0,10024438600,1011.0,6.233113425925926,1400.0,2000.0,10024438600,599.0,588,1.0,2.0,25.09637812428129,-8.449113968508035
322.0,10022962401,1010.0,6.316516203703704,755.0,1000.0,10022962401,1000.0,645,1.0,1.0,18.751429552230356,18.751429552230356
238.0,10022283071,984.0,6.583819444444443,790.0,1040.0,10022283071,1000.0,731,1.0,1.0,17.54396974105822,14.736934582488903
548.0,10024396095,983.0,6.6139120370370375,1275.0,1925.0,10024396095,1500.0,709,1.0,1.0,28.134397665184277,9.738829961025328
563.0,10024425252,978.0,0.0,1.0,2560.0,10024425252,2560.0,11356,0.0,0.0,-inf,-inf
692.0,10025113993,967.0,6.057743055555554,750.0,1000.0,10025113993,1000.0,254,1.0,1.0,20.084487828364757,20.084487828364757
653.0,10024699848,963.0,6.077337962962963,1050.0,450.0,10024699848,450.0,109,2.0,2.0,-8.579884393566829,-8.579884393566829
509.0,10024154894,917.0,13.022575231481486,840.0,1000.0,10024154894,1000.0,252,1.0,1.0,5.338714370083949,5.338714370083949
482.0,10023933195,911.0,6.167638888888888,1000.0,1339.0,10023933195,1300.0,299,1.0,1.0,20.06197221158827,17.753957709370148
409.0,10023427729,890.0,0.06927083333333334,0.1,1629.99,10023427729,543.33,5533,0.0,0.0,-5269.172932330826,-5269.172932330826
506.0,10024077313,863.0,6.088912037037038,910.0,1250.0,10024077313,390.0,580,1.0,2.0,22.397043272115976,-8.563575368750225
382.0,10023263926,860.0,6.071064814814815,820.0,1200.0,10023263926,1000.0,698,1.0,1.0,27.86106665352313,13.197347362195167
483.0,10023938668,830.0,6.072552083333332,1190.0,1500.0,10023938668,1500.0,159,1.0,1.0,15.658002156031252,15.658002156031252
456.0,10023758798,801.0,6.0975925925925925,700.0,999.94,10023758798,714.25,433,1.0,1.0,25.64902186221469,1.2185722529057788
325.0,10022990154,798.0,7.250416666666666,962.4,1000.0,10022990154,1000.0,199,1.0,1.0,1.9668087410346051,1.9668087410346051
321.0,10022946518,795.0,0.4212210648148148,6065.75,1304.0,10022946518,543.33,2441,5.0,11.0,64.89230666559864,-12.731320572456013
195.0,10021297721,774.0,9.040648148148149,680.0,1000.0,10021297721,800.0,648,1.0,1.0,18.99915836427464,7.12468438660299
85.0,10015880720,772.0,27.98934027777777,1000.0,1030.0,10015880720,1030.0,735,1.0,1.0,0.3912203678731859,0.3912203678731859
554.0,10024410984,770.0,6.09879050925926,750.0,996.0,10024410984,996.0,326,1.0,1.0,19.630121713188807,19.630121713188807
523.0,10024266230,769.0,4.7206828703703705,1400.0,1200.0,10024266230,600.0,334,1.0,2.0,-11.04561746143438,-11.04561746143438
26.0,10014700926,762.0,1.460283564814815,65000.0,818.52,10014700926,1000.0,413396,79.0,65.0,-1.295594520270657,0.0
429.0,10023576041,754.0,4.169803240740742,540.0,1045.0,10023576041,900.0,685,1.0,1.0,81.86059938213177,58.35607084666819
280.0,10022504516,744.0,6.954826388888888,840.0,1200.0,10022504516,1000.0,658,1.0,1.0,22.4920886132375,9.996483828105555
172.0,10019924787,741.0,6.145034722222222,720.0,1000.0,10019924787,1000.0,683,1.0,1.0,23.099046768789165,23.099046768789165
451.0,10023727659,738.0,6.702974537037037,1400.0,1500.0,10023727659,1500.0,262,1.0,1.0,3.889531196541455,3.889531196541455
639.0,10024671413,731.0,7.0621643518518535,800.0,1000.0,10024671413,1000.0,218,1.0,1.0,12.920968056495635,12.920968056495635
351.0,10023076332,725.0,12.049814814814816,1900.0,1700.69,10023076332,908.33,419,1.0,2.0,-3.177517711967295,-1.3286554920242546
389.0,10023297718,722.0,1.953680555555556,2000.0,1000.0,10023297718,472.0,5272,2.0,4.0,0.0,-10.462304055735254
431.0,10023585820,716.0,6.170329861111112,1140.0,1506.93,10023585820,1506.93,604,1.0,1.0,19.03982061391045,19.03982061391045
485.0,10023941538,712.0,6.06025462962963,640.0,800.0,10023941538,500.0,585,1.0,1.0,15.057123104013323,-13.174982716011657
438.0,10023634460,711.0,0.02935185185185185,6.12,1300.0,10023634460,1300.0,25811,0.0,0.0,-12435.331230283911,-12435.331230283911
296.0,10022717572,703.0,11.224583333333333,700.0,672.0,10022717572,210.0,224,1.0,3.0,-1.300716433423661,-3.2517910835591524
22.0,10014485098,702.0,4.257453703703703,5.0,70.64,10014485098,72.99,10229,0.0,0.0,-85.73199508487295,-85.73199508487295
254.0,10022401667,681.0,15.923379629629625,1200.0,1522.05,10022401667,1522.05,110,1.0,1.0,6.1517640901888395,6.1517640901888395
342.0,10023057239,663.0,9.891597222222222,1760.0,1560.0,10023057239,660.0,214,1.0,3.0,-4.193182536192526,4.612500789811779
143.0,10018314871,657.0,0.009826388888888891,689.23,11.9,10018314871,9.9,140493,58.0,70.0,52.27649701164588,203.17772549886442
466.0,10023840831,649.0,5.9541203703703705,1050.0,2000.0,10023840831,1000.0,352,1.0,1.0,55.463792247376595,-2.919146960388242
469.0,10023848428,646.0,6.152615740740742,400.0,605.0,10023848428,500.0,367,1.0,1.0,30.40373523757209,14.831090359791265
498.0,10024040203,611.0,6.334068287037038,700.0,1000.0,10024040203,300.0,159,1.0,2.0,24.696382220682665,-8.232127406894222
540.0,10024373382,609.0,13.837361111111115,1800.0,616.0,10024373382,616.0,148,3.0,3.0,0.7034096498007607,0.7034096498007607
648.0,10024691222,604.0,6.985625,1125.0,345.0,10024691222,345.0,122,3.0,3.0,-4.180012525722466,-4.180012525722466
418.0,10023480192,602.0,9.05004050925926,492.0,612.0,10023480192,515.0,256,1.0,1.0,9.836905166647595,1.8854068236074555
69.0,10015704199,573.0,0.041284722222222216,0.01,2500.08,10015704199,1800.0,23860,0.0,0.0,-8841.042893187554,-8841.042893187554
578.0,10024495951,560.0,6.174016203703704,1390.0,2000.0,10024495951,2000.0,404,1.0,1.0,25.944191079223003,25.944191079223003
573.0,10024475689,557.0,6.947679398148147,720.0,1000.0,10024475689,280.0,264,1.0,3.0,20.430482800095625,8.755921200040982
711.0,10025245925,552.0,0.0,1.0,2400.0,10025245925,2400.0,260,0.0,0.0,-inf,-inf
299.0,10022847298,544.0,6.971950231481483,1200.03,1800.0,10022847298,854.0,254,1.0,1.0,26.17435678444338,-15.095942593997936
124.0,10017279592,542.0,1.8764236111111108,384.7,401.04,10017279592,200.52,542,1.0,2.0,8.262126522687039,8.262126522687039
629.0,10024629438,542.0,13.103310185185185,2700.0,835.67,10024629438,692.33,480,3.0,4.0,-1.9910532926547069,0.7151656264408749
605.0,10024581998,538.0,6.396805555555557,1125.0,1500.0,10024581998,375.0,387,1.0,3.0,19.019910111383716,0.0
240.0,10022296857,538.0,14.774317129629631,800.0,1000.0,10022296857,1000.0,414,1.0,1.0,6.176258381309532,6.176258381309532
317.0,10022935369,467.0,8.878368055555555,750.0,732.5,10022935369,500.0,215,1.0,2.0,-0.9592603745839804,13.703719636914004
120.0,10017139343,462.0,14.020289351851853,875.0,1200.0,10017139343,816.0,145,1.0,1.0,9.669659817222088,-1.7554151668187792
54.0,10015642575,454.0,0.05416666666666667,0.01,1228.68,10015642575,870.96,225561,0.0,0.0,-6738.461538461538,-6738.461538461538
582.0,10024510475,430.0,6.0353819444444445,720.0,1069.85,10024510475,1003.95,366,1.0,1.0,29.3857978701983,23.850499657689898
503.0,10024045124,425.0,6.6812210648148165,700.0,1998.545,10024045124,999.36,591,0.0,1.0,-54.63073238546055,23.363222924159246
226.0,10022103258,415.0,2.9299305555555555,84.0,450.0,10022103258,325.0,19890,0.0,0.0,-124.57633144509492,-124.57633144509492
127.0,10017331956,415.0,0.6534722222222222,100.0,3063.34,10017331956,3063.34,7706,0.0,0.0,-558.5547290116897,-558.5547290116897
393.0,10023301754,396.0,6.321660879629628,800.0,800.0,10023301754,260.0,527,1.0,3.0,0.0,-1.4434497790610075
545.0,10024388907,379.0,6.0458391203703705,1125.0,2500.0,10024388907,1500.0,239,0.0,1.0,-60.372099345184026,20.12403311506134
306.0,10022869645,374.0,7.216724537037037,930.0,750.0,10022869645,532.5,172,1.0,2.0,-9.789089347634611,7.341817010725959
353.0,10023080278,368.0,13.078993055555555,1500.0,1408.0,10023080278,640.0,382,1.0,2.0,-1.7116506271985132,-4.093077586779054
24.0,10014655891,367.0,0.054293981481481485,0.78,300.0,10014655891,600.0,62106,0.0,0.0,-6722.660413557876,-6722.660413557876
423.0,10023506843,341.0,6.057048611111113,1125.0,375.0,10023506843,637.5,144,3.0,2.0,0.0,8.034716211025948
288.0,10022581883,319.0,6.121261574074074,750.0,1445.0,10022581883,1000.0,233,1.0,1.0,55.25549418862987,19.876077046269735
312.0,10022888042,311.0,8.225787037037037,1000.0,870.0,10022888042,320.0,195,1.0,3.0,-5.768444987252148,-1.774906149923738
307.0,10022875564,308.0,6.082482638888888,805.0,2000.0,10022875564,1000.0,127,0.0,1.0,-60.008391584439615,14.536194234740032
264.0,10022473621,269.0,6.3613078703703705,1000.0,2470.0,10022473621,1210.0,268,0.0,1.0,-57.3781378669146,12.049408952052065
300.0,10022849218,269.0,6.929895833333332,1125.0,1530.0,10022849218,435.0,141,1.0,3.0,18.961323973724955,8.427255099433314
445.0,10023687008,262.0,5.969675925925926,700.0,1003.95,10023687008,1003.95,123,1.0,1.0,26.54888075203714,26.54888075203714
140.0,10018258481,258.0,13.956145833333334,1000.0,2400.0,10018258481,1200.0,209,0.0,1.0,-26.153352391046358,5.230670478209272
520.0,10024243437,247.0,14.0878125,800.0,1000.0,10024243437,1000.0,119,1.0,1.0,6.477229875113684,6.477229875113684
676.0,10025058916,233.0,6.418506944444445,1750.0,732.0,10025058916,600.0,354,2.0,3.0,-9.293661140782907,1.6247659337033054
330.0,10023025608,227.0,12.813854166666667,2100.0,1656.415,10023025608,690.33,224,1.0,3.0,-6.016870226259479,-0.39349708683518614
3.0,10013199382,226.0,1.9556886574074075,32685.89,1584.8,10013199382,1568.065,4554,21.0,21.0,3.396910479609382,1.3902317645070594
518.0,10024189574,222.0,9.186921296296298,2640.0,1557.6,10024189574,786.5,116,2.0,3.0,7.151470866141729,-4.22135433070866
362.0,10023127355,221.0,0.05681712962962963,1.0,485.595,10023127355,226.5,113,0.0,0.0,-6424.118965166022,-6424.118965166022
440.0,10023653611,217.0,6.036984953703704,1050.0,1505.92,10023653611,1003.95,118,1.0,1.0,26.252587575730896,-2.6516311148061207
455.0,10023754922,214.0,3.887719907407408,400.0,30.0,10023754922,30.0,5904,13.0,13.0,-2.3471341087648367,-2.3471341087648367
492.0,10023995077,213.0,2.166990740740741,0.01,169.0,10023995077,169.0,191,0.0,0.0,-168.43634499113378,-168.43634499113378
209.0,10021646243,206.0,10.156973379629632,1000.0,2060.0,10021646243,2060.0,217,0.0,0.0,-35.93590200128195,-35.93590200128195
0.0,10012469117,204.0,2.073958333333333,1862.88,1837.15,10012469117,2135.28,92721,1.0,1.0,-2.4307916932560882,25.734460056080767
57.0,10015652296,189.0,10.173142361111113,1342.95,1248.905,10015652296,1000.0,187,1.0,1.0,-2.512543616985228,-9.162388574034592
116.0,10016738204,183.0,3.000335648148148,9600.0,4857.0,10016738204,4500.0,6141,2.0,2.0,1.444630037534381,-7.603315987023057
5.0,10013391219,181.0,3.0216840277777783,1000.0,323.65,10013391219,824.0,2113,3.0,1.0,-3.509053197662735,-21.259668254342163
336.0,10023048287,165.0,10.88582175925926,1500.0,1510.0,10023048287,831.0,166,1.0,2.0,0.22353235126816123,3.6212240905442115
108.0,10016294780,155.0,13.145486111111113,810.0,1500.0,10016294780,1000.0,135,1.0,1.0,23.65267615802495,6.513055753659043
610.0,10024596483,145.0,5.698900462962962,1000.0,1300.0,10024596483,1300.0,106,1.0,1.0,19.214232765011122,19.214232765011122
327.0,10022993421,122.0,7.699108796296296,790.0,1000.0,10022993421,1000.0,155,1.0,1.0,12.60214903085547,12.60214903085547
371.0,10023198299,112.0,6.037528935185184,1700.0,1322.5,10023198299,769.42,280,1.0,2.0,-13.424609879033111,-5.731152657231728
25.0,10014693748,106.0,0.012638888888888887,492.5,3484.7,10014693748,1831.8,20102,0.0,0.0,-28879.120879120885,-28879.120879120885
253.0,10022395363,103.0,0.6459259259259259,57.5,300.0,10022395363,225.0,2220,0.0,0.0,-565.0802752293578,-565.0802752293578
410.0,10023460772,101.0,5.9898495370370375,1120.5,1879.5,10023460772,1500.0,104,1.0,1.0,41.276880331423015,20.638440165711508
